hill_coefficient,score
1,5.474408157112738
2,5.123811510807442
3,4.906816396343957
4,4.761993088777626
5,4.674953781234481
6,4.625708732515152
7,4.605697065323869
8,4.587839083324623
9,4.586105546215379
10,4.596276116399686
11,4.607442960965373
12,4.627432689638153
13,4.641844833969299
14,4.665934984512477
15,4.696373752036394
16,4.717948878955354
17,4.738014041749745
18,4.765992572647114
19,4.792753419953552
20,4.815474495241962
